<metadata xml:lang="en"><Esri><CreaDate>20220204</CreaDate><CreaTime>16111300</CreaTime><ArcGISFormat>1.0</ArcGISFormat><SyncOnce>FALSE</SyncOnce><RematchLocator>MAD_ADDRESS_POINTS_COMPOSITE<Category Locator="Review">Address</Category><Description Locator="Review">Geocode addresses against multiple address locators.</Description><BuildVersion Locator="Review">$Revision: 15$</BuildVersion><BuildVersionDate Locator="Review">$Date: 11/18/2015 3:48:53 PM$</BuildVersionDate><CL.Locator Locator="Review">MAD_ADDR_POST</CL.Locator><CL.Locator Locator="Review">MAD_ADDR_MSAG</CL.Locator><CL.Locator Locator="Review">MAD_ADDR_GEOG</CL.Locator><CL.MAD_ADDR_GEOG.Enabled Locator="Review">TRUE</CL.MAD_ADDR_GEOG.Enabled><CL.MAD_ADDR_GEOG.Input Locator="Review">Street</CL.MAD_ADDR_GEOG.Input><CL.MAD_ADDR_GEOG.Input Locator="Review">City</CL.MAD_ADDR_GEOG.Input><CL.MAD_ADDR_GEOG.Input Locator="Review">State</CL.MAD_ADDR_GEOG.Input><CL.MAD_ADDR_GEOG.Input Locator="Review">ZIP</CL.MAD_ADDR_GEOG.Input><CL.MAD_ADDR_GEOG.LocWks Locator="Review">Type=Database;Wks=(ProgID = esriDataSourcesFile.ShapefileWorkspaceFactory; Path = .)</CL.MAD_ADDR_GEOG.LocWks><CL.MAD_ADDR_GEOG.Name Locator="Review">MAD_ADDRESS_POINTS_GEOGTOWN</CL.MAD_ADDR_GEOG.Name><CL.MAD_ADDR_GEOG.Select Locator="Review">::</CL.MAD_ADDR_GEOG.Select><CL.MAD_ADDR_MSAG.Enabled Locator="Review">TRUE</CL.MAD_ADDR_MSAG.Enabled><CL.MAD_ADDR_MSAG.Input Locator="Review">Street</CL.MAD_ADDR_MSAG.Input><CL.MAD_ADDR_MSAG.Input Locator="Review">City</CL.MAD_ADDR_MSAG.Input><CL.MAD_ADDR_MSAG.Input Locator="Review">State</CL.MAD_ADDR_MSAG.Input><CL.MAD_ADDR_MSAG.Input Locator="Review">ZIP</CL.MAD_ADDR_MSAG.Input><CL.MAD_ADDR_MSAG.LocWks Locator="Review">Type=Database;Wks=(ProgID = esriDataSourcesFile.ShapefileWorkspaceFactory; Path = .)</CL.MAD_ADDR_MSAG.LocWks><CL.MAD_ADDR_MSAG.Name Locator="Review">MAD_ADDRESS_POINTS_MSAGCOMM</CL.MAD_ADDR_MSAG.Name><CL.MAD_ADDR_MSAG.Select Locator="Review">::</CL.MAD_ADDR_MSAG.Select><CL.MAD_ADDR_POST.Enabled Locator="Review">TRUE</CL.MAD_ADDR_POST.Enabled><CL.MAD_ADDR_POST.Input Locator="Review">Street</CL.MAD_ADDR_POST.Input><CL.MAD_ADDR_POST.Input Locator="Review">City</CL.MAD_ADDR_POST.Input><CL.MAD_ADDR_POST.Input Locator="Review">State</CL.MAD_ADDR_POST.Input><CL.MAD_ADDR_POST.Input Locator="Review">ZIP</CL.MAD_ADDR_POST.Input><CL.MAD_ADDR_POST.LocWks Locator="Review">Type=Database;Wks=(ProgID = esriDataSourcesFile.ShapefileWorkspaceFactory; Path = .)</CL.MAD_ADDR_POST.LocWks><CL.MAD_ADDR_POST.Name Locator="Review">MAD_ADDRESS_POINTS_POSTTOWN</CL.MAD_ADDR_POST.Name><CL.MAD_ADDR_POST.Select Locator="Review">::</CL.MAD_ADDR_POST.Select><CL.SkipBadLocators Locator="Review">FALSE</CL.SkipBadLocators><CL.SR Locator="Review">ByDescr</CL.SR><CL.SR.Descr Locator="Review">PROJCS["NAD_1983_StatePlane_Massachusetts_Mainland_FIPS_2001",GEOGCS["GCS_North_American_1983",DATUM["D_North_American_1983",SPHEROID["GRS_1980",6378137.0,298.257222101]],PRIMEM["Greenwich",0.0],UNIT["Degree",0.0174532925199433]],PROJECTION["Lambert_Conf</CL.SR.Descr><CL.SR.Descr Locator="Review">ormal_Conic"],PARAMETER["False_Easting",200000.0],PARAMETER["False_Northing",750000.0],PARAMETER["Central_Meridian",-71.5],PARAMETER["Standard_Parallel_1",41.71666666666667],PARAMETER["Standard_Parallel_2",42.68333333333333],PARAMETER["Latitude_Of_Origin</CL.SR.Descr><CL.SR.Descr Locator="Review">",41.0],UNIT["Meter",1.0]]</CL.SR.Descr><CL.SR.Domain Locator="Review">-36530900.000000,-28803200.000000,900683394574.099000,900691122274.099000</CL.SR.Domain><CLSID Locator="Review">{29B85A89-D2CE-4aeb-BC3F-661A3D2C296E}</CLSID><FieldAliases Locator="Review">Street or Intersection</FieldAliases><FieldAliases Locator="Review">City or Placename</FieldAliases><FieldAliases Locator="Review">State</FieldAliases><FieldAliases Locator="Review">ZIP Code</FieldAliases><FieldNames.0 Locator="Review">Street</FieldNames.0><FieldNames.1 Locator="Review">City</FieldNames.1><FieldNames.2 Locator="Review">State</FieldNames.2><FieldNames.3 Locator="Review">ZIP</FieldNames.3><Fields Locator="Review">Street</Fields><Fields Locator="Review">City</Fields><Fields Locator="Review">State</Fields><Fields Locator="Review">ZIP</Fields><FieldSizes Locator="Review">100</FieldSizes><FieldSizes Locator="Review">40</FieldSizes><FieldSizes Locator="Review">20</FieldSizes><FieldSizes Locator="Review">10</FieldSizes><FieldsRequired Locator="Review">TRUE</FieldsRequired><FieldsRequired Locator="Review">FALSE</FieldsRequired><FieldsRequired Locator="Review">FALSE</FieldsRequired><FieldsRequired Locator="Review">FALSE</FieldsRequired><LocatorWorkspaceString Locator="Review">ProgID = esriDataSourcesFile.ShapefileWorkspaceFactory; Path = G:\Data_Resources\60600_GIS_DBMS\Address_Locators_2019\MassGIS_AddressPoints_and_Locators\</LocatorWorkspaceString><LocFileUseUTF8 Locator="Review">True</LocFileUseUTF8><MaxSuggestCandidates Locator="Review">10</MaxSuggestCandidates><RebuildStartTime Locator="Review">131273240095810000</RebuildStartTime><RebuildStartTimeAscii Locator="Review">2:53:29 PM</RebuildStartTimeAscii><RuntimeMemoryLimit Locator="Review">1024000000</RuntimeMemoryLimit><SafeLocatorName Locator="Review">MAD_ADDRESS_POINTS_COMPOSITE</SafeLocatorName><SingleLineField Locator="Review">SingleLine</SingleLineField><SingleLineFieldAlias Locator="Review">Single Line Input</SingleLineFieldAlias><SingleLineFieldNames Locator="Review">Address</SingleLineFieldNames><SingleLineFieldNames Locator="Review">SingleLine</SingleLineFieldNames><SingleLineFieldNames Locator="Review">FullAddress</SingleLineFieldNames><SingleLineFieldNames Locator="Review">Customer</SingleLineFieldNames><SingleLineFieldSize Locator="Review">100</SingleLineFieldSize><UICLSID Locator="Review">{3D486637-6BCF-4A0C-83DB-A02D437FB8FC}</UICLSID><UseMultithreading Locator="Review">True</UseMultithreading><UseRelativePaths Locator="Review">True</UseRelativePaths><Version Locator="Review">10.0</Version><WritePercentAlongField Locator="Review">FALSE</WritePercentAlongField><WriteReferenceIDField Locator="Review">FALSE</WriteReferenceIDField><WriteStandardizedAddressField Locator="Review">FALSE</WriteStandardizedAddressField><WriteXYCoordFields Locator="Review">FALSE</WriteXYCoordFields><InTable Locator="Review">::</InTable><InKeyColumns Locator="Review">::</InKeyColumns><InColumns Locator="Review">IN_SingleLine</InColumns><OutTable Locator="Review">::</OutTable><OutKeyColumns Locator="Review">::</OutKeyColumns><OutColumns Locator="Review">Loc_name</OutColumns><OutColumns Locator="Review">Shape</OutColumns><OutColumns Locator="Review">Status</OutColumns><OutColumns Locator="Review">Score</OutColumns><OutColumns Locator="Review">Match_addr</OutColumns><OutColumns Locator="Review">User_fld</OutColumns><OutColumns Locator="Review">Addr_type</OutColumns></RematchLocator><DataProperties><lineage><Process ToolSource="c:\program files\arcgis\pro\Resources\ArcToolbox\toolboxes\Geocoding Tools.tbx\GeocodeAddresses" Date="20220204" Time="161333">GeocodeAddresses daily_parking_cost G:\Data_Resources\60600_GIS_DBMS\Address_Locators_2019\MassGIS_AddressPoints_and_Locators\MAD_ADDRESS_POINTS_COMPOSITE.loc "'Single Line Input' lot_address VISIBLE NONE" "\\tsclient\J\Shared drives\TMD_TSA\Data\Parking\WebScraped_ParkingCost\Geocoding_Parking_Lots.gdb\daily_parking_cost_Geocoded" STATIC # # # #</Process><Process ToolSource="c:\program files\arcgis\pro\Resources\ArcToolbox\Toolboxes\Data Management Tools.tbx\AddRelate" Date="20220204" Time="171014">AddRelate daily_parking_cost_Geocoded USER_lot_address monthly_parking_cost_points lot_address Relate1 "One to one"</Process><Process ToolSource="c:\program files\arcgis\pro\Resources\ArcToolbox\toolboxes\Data Management Tools.tbx\UpdateSchema" Date="20220207" Time="114917">UpdateSchema "CIMDATA=&lt;CIMStandardDataConnection xsi:type='typens:CIMStandardDataConnection' xmlns:xsi='http://www.w3.org/2001/XMLSchema-instance' xmlns:xs='http://www.w3.org/2001/XMLSchema' xmlns:typens='http://www.esri.com/schemas/ArcGIS/2.8.0'&gt;&lt;WorkspaceConnectionString&gt;DATABASE=\\tsclient\J\Shared drives\TMD_TSA\Data\Parking\WebScraped_ParkingCost\Geocoding_Parking_Lots.gdb&lt;/WorkspaceConnectionString&gt;&lt;WorkspaceFactory&gt;FileGDB&lt;/WorkspaceFactory&gt;&lt;Dataset&gt;daily_parking_cost_Geocoded&lt;/Dataset&gt;&lt;DatasetType&gt;esriDTFeatureClass&lt;/DatasetType&gt;&lt;/CIMStandardDataConnection&gt;" &lt;operationSequence&gt;&lt;workflow&gt;&lt;AlterField&gt;&lt;field_name&gt;USER_rate_simple&lt;/field_name&gt;&lt;new_field_name&gt;d_rate_simple&lt;/new_field_name&gt;&lt;field_is_nullable&gt;True&lt;/field_is_nullable&gt;&lt;clear_field_alias&gt;False&lt;/clear_field_alias&gt;&lt;/AlterField&gt;&lt;/workflow&gt;&lt;/operationSequence&gt;</Process><Process ToolSource="c:\program files\arcgis\pro\Resources\ArcToolbox\toolboxes\Data Management Tools.tbx\Merge" Date="20220208" Time="100234">Merge daily_parking_cost_Geocoded;monthly_parking_cost_points "\\tsclient\J\Shared drives\TMD_TSA\Data\Parking\WebScraped_ParkingCost\Geocoding_Parking_Lots.gdb\parking_cost_dataset0" "Loc_name "Loc_name" true true false 14 Text 0 0,First,#,daily_parking_cost_Geocoded,Loc_name,0,14,monthly_parking_cost_points,Loc_name,0,14;Status "Status" true true false 1 Text 0 0,First,#,daily_parking_cost_Geocoded,Status,0,1,monthly_parking_cost_points,Status,0,1;Score "Score" true true false 8 Double 0 0,First,#,daily_parking_cost_Geocoded,Score,-1,-1,monthly_parking_cost_points,Score,-1,-1;Match_type "Match_type" true true false 2 Text 0 0,First,#,daily_parking_cost_Geocoded,Match_type,0,2,monthly_parking_cost_points,Match_type,0,2;Match_addr "Match_addr" true true false 120 Text 0 0,First,#,daily_parking_cost_Geocoded,Match_addr,0,120,monthly_parking_cost_points,Match_addr,0,120;User_fld "User_fld" true true false 120 Text 0 0,First,#,daily_parking_cost_Geocoded,User_fld,0,120,monthly_parking_cost_points,User_fld,0,120;Addr_type "Addr_type" true true false 20 Text 0 0,First,#,daily_parking_cost_Geocoded,Addr_type,0,20,monthly_parking_cost_points,Addr_type,0,20;IN_SingleLine "Single Line Input" true true false 100 Text 0 0,First,#,daily_parking_cost_Geocoded,IN_SingleLine,0,100,monthly_parking_cost_points,IN_SingleLine,0,100;USER_Field1 "Field1" true true false 4 Long 0 0,First,#,daily_parking_cost_Geocoded,USER_Field1,-1,-1,monthly_parking_cost_points,USER_Field1,-1,-1;USER_lot_name "lot_name" true true false 8000 Text 0 0,First,#,daily_parking_cost_Geocoded,USER_lot_name,0,8000,monthly_parking_cost_points,USER_lot_name,0,8000;USER_lot_address "lot_address" true true false 8000 Text 0 0,First,#,daily_parking_cost_Geocoded,USER_lot_address,0,8000,monthly_parking_cost_points,USER_lot_address,0,8000;USER_daily_rates "daily_rates" true true false 8000 Text 0 0,First,#,daily_parking_cost_Geocoded,USER_daily_rates,0,8000,monthly_parking_cost_points,USER_daily_rates,0,8000;USER_monthly_rates "monthly_rates" true true false 8000 Text 0 0,First,#,daily_parking_cost_Geocoded,USER_monthly_rates,0,8000,monthly_parking_cost_points,USER_monthly_rates,0,8000;d_rate_simple "d_rate_simple" true true false 8 Double 0 0,Max,#,daily_parking_cost_Geocoded,d_rate_simple,-1,-1;USER_lot_url "lot_url" true true false 8000 Text 0 0,First,#,daily_parking_cost_Geocoded,USER_lot_url,0,8000,monthly_parking_cost_points,USER_lot_url,0,8000;m_rate_simple "m_rate_simple" true true false 8 Double 0 0,Max,#,monthly_parking_cost_points,m_rate_simple,-1,-1" NO_SOURCE_INFO</Process><Process ToolSource="c:\program files\arcgis\pro\Resources\ArcToolbox\toolboxes\Data Management Tools.tbx\Rename" Date="20220208" Time="105831">Rename "\\tsclient\J\Shared drives\TMD_TSA\Data\Parking\WebScraped_ParkingCost\Geocoding_Parking_Lots.gdb\parking_cost_dataset0" "\\tsclient\J\Shared drives\TMD_TSA\Data\Parking\WebScraped_ParkingCost\Geocoding_Parking_Lots.gdb\parking_cost_dataset" FeatureClass</Process><Process ToolSource="c:\program files\arcgis\pro\Resources\ArcToolbox\toolboxes\Data Management Tools.tbx\AddRelate" Date="20220208" Time="142726">AddRelate parking_cost_dataset USER_lot_url monthly_parking_cost lot_url Relate1 "Many to many"</Process><Process ToolSource="c:\program files\arcgis\pro\Resources\ArcToolbox\toolboxes\Conversion Tools.tbx\FeatureClassToFeatureClass" Date="20220208" Time="154141">FeatureClassToFeatureClass parking_cost_dataset "\\tsclient\J\Shared drives\TMD_TSA\Data\Parking\WebScraped_ParkingCost\Geocoding_Parking_Lots.gdb" parking_cost_dataset_trial # "Loc_name "Loc_name" true true false 14 Text 0 0,First,#,parking_cost_dataset,Loc_name,0,14;Status "Status" true true false 1 Text 0 0,First,#,parking_cost_dataset,Status,0,1;Score "Score" true true false 8 Double 0 0,First,#,parking_cost_dataset,Score,-1,-1;Match_type "Match_type" true true false 2 Text 0 0,First,#,parking_cost_dataset,Match_type,0,2;Match_addr "Match_addr" true true false 120 Text 0 0,First,#,parking_cost_dataset,Match_addr,0,120;User_fld "User_fld" true true false 120 Text 0 0,First,#,parking_cost_dataset,User_fld,0,120;Addr_type "Addr_type" true true false 20 Text 0 0,First,#,parking_cost_dataset,Addr_type,0,20;IN_SingleLine "Single Line Input" true true false 100 Text 0 0,First,#,parking_cost_dataset,IN_SingleLine,0,100;USER_Field1 "Field1" true true false 4 Long 0 0,First,#,parking_cost_dataset,USER_Field1,-1,-1;USER_lot_name "lot_name" true true false 8000 Text 0 0,First,#,parking_cost_dataset,USER_lot_name,0,8000;USER_lot_address "lot_address" true true false 8000 Text 0 0,First,#,parking_cost_dataset,USER_lot_address,0,8000;USER_daily_rates "daily_rates" true true false 8000 Text 0 0,First,#,parking_cost_dataset,USER_daily_rates,0,8000;USER_monthly_rates "monthly_rates" true true false 8000 Text 0 0,First,#,parking_cost_dataset,USER_monthly_rates,0,8000;d_rate_simple "d_rate_simple" true true false 8 Double 0 0,First,#,parking_cost_dataset,d_rate_simple,-1,-1;USER_lot_url "lot_url" true true false 8000 Text 0 0,First,#,parking_cost_dataset,USER_lot_url,0,8000;m_rate_simple "m_rate_simple" true true false 8 Double 0 0,First,#,parking_cost_dataset,m_rate_simple,-1,-1" #</Process><Process ToolSource="c:\program files\arcgis\pro\Resources\ArcToolbox\toolboxes\Data Management Tools.tbx\Merge" Date="20220214" Time="093444">Merge parking_cost_dataset_trial;lot_merged_full_Geocoded "\\tsclient\J\Shared drives\TMD_TSA\Data\Parking\WebScraped_ParkingCost\Geocoding_Parking_Lots.gdb\parking_cost_fullrec_NAP" "Loc_name "Loc_name" true true false 14 Text 0 0,First,#,parking_cost_dataset_trial,Loc_name,0,14,lot_merged_full_Geocoded,Loc_name,0,14;Status "Status" true true false 1 Text 0 0,First,#,parking_cost_dataset_trial,Status,0,1,lot_merged_full_Geocoded,Status,0,1;Score "Score" true true false 8 Double 0 0,First,#,parking_cost_dataset_trial,Score,-1,-1,lot_merged_full_Geocoded,Score,-1,-1;Match_type "Match_type" true true false 2 Text 0 0,First,#,parking_cost_dataset_trial,Match_type,0,2,lot_merged_full_Geocoded,Match_type,0,2;Match_addr "Match_addr" true true false 120 Text 0 0,First,#,parking_cost_dataset_trial,Match_addr,0,120,lot_merged_full_Geocoded,Match_addr,0,120;User_fld "User_fld" true true false 120 Text 0 0,First,#,parking_cost_dataset_trial,User_fld,0,120,lot_merged_full_Geocoded,User_fld,0,120;Addr_type "Addr_type" true true false 20 Text 0 0,First,#,parking_cost_dataset_trial,Addr_type,0,20,lot_merged_full_Geocoded,Addr_type,0,20;IN_SingleLine "Single Line Input" true true false 100 Text 0 0,First,#,parking_cost_dataset_trial,IN_SingleLine,0,100,lot_merged_full_Geocoded,IN_SingleLine,0,100;USER_Field1 "Field1" true true false 4 Long 0 0,First,#,parking_cost_dataset_trial,USER_Field1,-1,-1;USER_lot_name "lot_name" true true false 8000 Text 0 0,First,#,parking_cost_dataset_trial,USER_lot_name,0,8000,lot_merged_full_Geocoded,USER_lot_name,0,8000;USER_lot_address "lot_address" true true false 8000 Text 0 0,First,#,parking_cost_dataset_trial,USER_lot_address,0,8000,lot_merged_full_Geocoded,USER_lot_address,0,8000;USER_daily_rates "daily_rates" true true false 8000 Text 0 0,First,#,parking_cost_dataset_trial,USER_daily_rates,0,8000,lot_merged_full_Geocoded,USER_daily_rates,0,8000;USER_monthly_rates "monthly_rates" true true false 8000 Text 0 0,First,#,parking_cost_dataset_trial,USER_monthly_rates,0,8000,lot_merged_full_Geocoded,USER_monthly_rates,0,8000;d_rate_simple "d_rate_simple" true true false 8 Double 0 0,First,#,parking_cost_dataset_trial,d_rate_simple,-1,-1;USER_lot_url "lot_url" true true false 8000 Text 0 0,First,#,parking_cost_dataset_trial,USER_lot_url,0,8000,lot_merged_full_Geocoded,USER_lot_url,0,8000;m_rate_simple "m_rate_simple" true true false 8 Double 0 0,First,#,parking_cost_dataset_trial,m_rate_simple,-1,-1;USER_rate_simple "rate_simple" true true false 8000 Text 0 0,First,#,lot_merged_full_Geocoded,USER_rate_simple,0,8000" NO_SOURCE_INFO</Process><Process ToolSource="c:\program files\arcgis\pro\Resources\ArcToolbox\toolboxes\Data Management Tools.tbx\UpdateSchema" Date="20220214" Time="095949">UpdateSchema "CIMDATA=&lt;CIMStandardDataConnection xsi:type='typens:CIMStandardDataConnection' xmlns:xsi='http://www.w3.org/2001/XMLSchema-instance' xmlns:xs='http://www.w3.org/2001/XMLSchema' xmlns:typens='http://www.esri.com/schemas/ArcGIS/2.8.0'&gt;&lt;WorkspaceConnectionString&gt;DATABASE=\\tsclient\J\Shared drives\TMD_TSA\Data\Parking\WebScraped_ParkingCost\Geocoding_Parking_Lots.gdb&lt;/WorkspaceConnectionString&gt;&lt;WorkspaceFactory&gt;FileGDB&lt;/WorkspaceFactory&gt;&lt;Dataset&gt;parking_cost_fullrec_NAP&lt;/Dataset&gt;&lt;DatasetType&gt;esriDTFeatureClass&lt;/DatasetType&gt;&lt;/CIMStandardDataConnection&gt;" &lt;operationSequence&gt;&lt;workflow&gt;&lt;AddField&gt;&lt;field_name&gt;Dupe&lt;/field_name&gt;&lt;field_type&gt;SHORT&lt;/field_type&gt;&lt;field_alias&gt;Dupe&lt;/field_alias&gt;&lt;field_is_nullable&gt;True&lt;/field_is_nullable&gt;&lt;field_is_required&gt;False&lt;/field_is_required&gt;&lt;/AddField&gt;&lt;/workflow&gt;&lt;/operationSequence&gt;</Process><Process ToolSource="c:\program files\arcgis\pro\Resources\ArcToolbox\toolboxes\Data Management Tools.tbx\CalculateField" Date="20220214" Time="103610">CalculateField parking_cost_fullrec_NAP Dupe isDuplicate(!IN_SingleLine!) "Python 3" "uniqueList = []
def isDuplicate(inValue):
    if inValue in uniqueList:
        return 1
    else:
        uniqueList.append(inValue)
        return 0" Text NO_ENFORCE_DOMAINS</Process><Process ToolSource="c:\program files\arcgis\pro\Resources\ArcToolbox\toolboxes\Conversion Tools.tbx\FeatureClassToFeatureClass" Date="20220224" Time="150933">FeatureClassToFeatureClass parking_cost_fullrec_NAP C:\Users\kamauD\Documents\ArcGIS\Projects\GeocodingParkingLots\GeocodingParkingLots.gdb DKedits_parking_cost_fullrec_NAP # "Loc_name "Loc_name" true true false 14 Text 0 0,First,#,parking_cost_fullrec_NAP,Loc_name,0,14;Status "Status" true true false 1 Text 0 0,First,#,parking_cost_fullrec_NAP,Status,0,1;Score "Score" true true false 8 Double 0 0,First,#,parking_cost_fullrec_NAP,Score,-1,-1;Match_type "Match_type" true true false 2 Text 0 0,First,#,parking_cost_fullrec_NAP,Match_type,0,2;Match_addr "Match_addr" true true false 120 Text 0 0,First,#,parking_cost_fullrec_NAP,Match_addr,0,120;User_fld "User_fld" true true false 120 Text 0 0,First,#,parking_cost_fullrec_NAP,User_fld,0,120;Addr_type "Addr_type" true true false 20 Text 0 0,First,#,parking_cost_fullrec_NAP,Addr_type,0,20;IN_SingleLine "Single Line Input" true true false 100 Text 0 0,First,#,parking_cost_fullrec_NAP,IN_SingleLine,0,100;USER_Field1 "Field1" true true false 4 Long 0 0,First,#,parking_cost_fullrec_NAP,USER_Field1,-1,-1;USER_lot_name "lot_name" true true false 8000 Text 0 0,First,#,parking_cost_fullrec_NAP,USER_lot_name,0,8000;USER_lot_address "lot_address" true true false 8000 Text 0 0,First,#,parking_cost_fullrec_NAP,USER_lot_address,0,8000;USER_daily_rates "daily_rates" true true false 8000 Text 0 0,First,#,parking_cost_fullrec_NAP,USER_daily_rates,0,8000;USER_monthly_rates "monthly_rates" true true false 8000 Text 0 0,First,#,parking_cost_fullrec_NAP,USER_monthly_rates,0,8000;d_rate_simple "d_rate_simple" true true false 8 Double 0 0,First,#,parking_cost_fullrec_NAP,d_rate_simple,-1,-1;USER_lot_url "lot_url" true true false 8000 Text 0 0,First,#,parking_cost_fullrec_NAP,USER_lot_url,0,8000;m_rate_simple "m_rate_simple" true true false 8 Double 0 0,First,#,parking_cost_fullrec_NAP,m_rate_simple,-1,-1;USER_rate_simple "rate_simple" true true false 8000 Text 0 0,First,#,parking_cost_fullrec_NAP,USER_rate_simple,0,8000;Dupe "Dupe" true true false 2 Short 0 0,First,#,parking_cost_fullrec_NAP,Dupe,-1,-1" #</Process><Process ToolSource="c:\program files\arcgis\pro\Resources\ArcToolbox\toolboxes\Data Management Tools.tbx\CopyFeatures" Date="20220224" Time="151114">CopyFeatures C:\Users\kamauD\Documents\ArcGIS\Projects\GeocodingParkingLots\GeocodingParkingLots.gdb\DKedits_parking_cost_fullrec_NAP C:\Users\kamauD\Documents\ArcGIS\Projects\GeocodingParkingLots\GeocodedParkingLots\DKedits_parking_cost_fullrec_NAP.shp # # # #</Process><Process ToolSource="c:\program files\arcgis\pro\Resources\ArcToolbox\Toolboxes\Data Management Tools.tbx\UpdateSchema" Date="20220301" Time="165250">UpdateSchema "CIMDATA=&lt;CIMStandardDataConnection xsi:type='typens:CIMStandardDataConnection' xmlns:xsi='http://www.w3.org/2001/XMLSchema-instance' xmlns:xs='http://www.w3.org/2001/XMLSchema' xmlns:typens='http://www.esri.com/schemas/ArcGIS/2.8.0'&gt;&lt;WorkspaceConnectionString&gt;DATABASE=\\tsclient\J\Shared drives\TMD_TSA\Data\Parking\WebScraped_ParkingCost\GeocodedParkingLots&lt;/WorkspaceConnectionString&gt;&lt;WorkspaceFactory&gt;Shapefile&lt;/WorkspaceFactory&gt;&lt;Dataset&gt;DKedits_parking_cost_fullrec_NAP.shp&lt;/Dataset&gt;&lt;DatasetType&gt;esriDTFeatureClass&lt;/DatasetType&gt;&lt;/CIMStandardDataConnection&gt;" &lt;operationSequence&gt;&lt;workflow&gt;&lt;AddField&gt;&lt;field_name&gt;lat&lt;/field_name&gt;&lt;field_type&gt;DOUBLE&lt;/field_type&gt;&lt;field_is_nullable&gt;False&lt;/field_is_nullable&gt;&lt;field_is_required&gt;False&lt;/field_is_required&gt;&lt;/AddField&gt;&lt;/workflow&gt;&lt;/operationSequence&gt;</Process><Process ToolSource="c:\program files\arcgis\pro\Resources\ArcToolbox\toolboxes\Data Management Tools.tbx\CalculateGeometryAttributes" Date="20220301" Time="170234">CalculateGeometryAttributes DKedits_parking_cost_fullrec_NAP "lat POINT_Y" # # GEOGCS["GCS_WGS_1984",DATUM["D_WGS_1984",SPHEROID["WGS_1984",6378137.0,298.257223563]],PRIMEM["Greenwich",0.0],UNIT["Degree",0.0174532925199433]] "Same as input"</Process></lineage><itemProps><itemName Sync="TRUE">DKedits_parking_cost_fullrec_NAP</itemName><imsContentType Sync="TRUE">002</imsContentType><itemLocation><linkage Sync="TRUE">file://\\CITRIXHOST-01\C$\Users\kamauD\Documents\ArcGIS\Projects\GeocodingParkingLots\GeocodedParkingLots\DKedits_parking_cost_fullrec_NAP.shp</linkage><protocol Sync="TRUE">Local Area Network</protocol></itemLocation><itemSize Sync="TRUE">0.000</itemSize></itemProps><coordRef><type Sync="TRUE">Projected</type><geogcsn Sync="TRUE">GCS_North_American_1983</geogcsn><csUnits Sync="TRUE">Linear Unit: Meter (1.000000)</csUnits><projcsn Sync="TRUE">NAD_1983_StatePlane_Massachusetts_Mainland_FIPS_2001</projcsn><peXml Sync="TRUE">&lt;ProjectedCoordinateSystem xsi:type='typens:ProjectedCoordinateSystem' xmlns:xsi='http://www.w3.org/2001/XMLSchema-instance' xmlns:xs='http://www.w3.org/2001/XMLSchema' xmlns:typens='http://www.esri.com/schemas/ArcGIS/2.8.0'&gt;&lt;WKT&gt;PROJCS[&amp;quot;NAD_1983_StatePlane_Massachusetts_Mainland_FIPS_2001&amp;quot;,GEOGCS[&amp;quot;GCS_North_American_1983&amp;quot;,DATUM[&amp;quot;D_North_American_1983&amp;quot;,SPHEROID[&amp;quot;GRS_1980&amp;quot;,6378137.0,298.257222101]],PRIMEM[&amp;quot;Greenwich&amp;quot;,0.0],UNIT[&amp;quot;Degree&amp;quot;,0.0174532925199433]],PROJECTION[&amp;quot;Lambert_Conformal_Conic&amp;quot;],PARAMETER[&amp;quot;False_Easting&amp;quot;,200000.0],PARAMETER[&amp;quot;False_Northing&amp;quot;,750000.0],PARAMETER[&amp;quot;Central_Meridian&amp;quot;,-71.5],PARAMETER[&amp;quot;Standard_Parallel_1&amp;quot;,41.71666666666667],PARAMETER[&amp;quot;Standard_Parallel_2&amp;quot;,42.68333333333333],PARAMETER[&amp;quot;Latitude_Of_Origin&amp;quot;,41.0],UNIT[&amp;quot;Meter&amp;quot;,1.0],AUTHORITY[&amp;quot;EPSG&amp;quot;,26986]]&lt;/WKT&gt;&lt;XOrigin&gt;-36530900&lt;/XOrigin&gt;&lt;YOrigin&gt;-28803200&lt;/YOrigin&gt;&lt;XYScale&gt;122610652.81195112&lt;/XYScale&gt;&lt;ZOrigin&gt;-100000&lt;/ZOrigin&gt;&lt;ZScale&gt;10000&lt;/ZScale&gt;&lt;MOrigin&gt;-100000&lt;/MOrigin&gt;&lt;MScale&gt;10000&lt;/MScale&gt;&lt;XYTolerance&gt;0.001&lt;/XYTolerance&gt;&lt;ZTolerance&gt;0.001&lt;/ZTolerance&gt;&lt;MTolerance&gt;0.001&lt;/MTolerance&gt;&lt;HighPrecision&gt;true&lt;/HighPrecision&gt;&lt;WKID&gt;26986&lt;/WKID&gt;&lt;LatestWKID&gt;26986&lt;/LatestWKID&gt;&lt;/ProjectedCoordinateSystem&gt;</peXml></coordRef></DataProperties><SyncDate>20220224</SyncDate><SyncTime>15111400</SyncTime><ModDate>20220224</ModDate><ModTime>15111400</ModTime></Esri><dataIdInfo><envirDesc Sync="TRUE">Microsoft Windows Server 2016 Technical Preview Version 10.0 (Build 17763) ; Esri ArcGIS 12.8.0.29751</envirDesc><dataLang><languageCode value="eng" Sync="TRUE"></languageCode><countryCode value="USA" Sync="TRUE"></countryCode></dataLang><idCitation><resTitle Sync="TRUE">DKedits_parking_cost_fullrec_NAP</resTitle><presForm><PresFormCd value="005" Sync="TRUE"></PresFormCd></presForm></idCitation><spatRpType><SpatRepTypCd value="001" Sync="TRUE"></SpatRepTypCd></spatRpType></dataIdInfo><mdLang><languageCode value="eng" Sync="TRUE"></languageCode><countryCode value="USA" Sync="TRUE"></countryCode></mdLang><distInfo><distFormat><formatName Sync="TRUE">Shapefile</formatName></distFormat><distTranOps><transSize Sync="TRUE">0.000</transSize></distTranOps></distInfo><mdHrLv><ScopeCd value="005" Sync="TRUE"></ScopeCd></mdHrLv><mdHrLvName Sync="TRUE">dataset</mdHrLvName><refSysInfo><RefSystem><refSysID><identCode code="26986" Sync="TRUE"></identCode><idCodeSpace Sync="TRUE">EPSG</idCodeSpace><idVersion Sync="TRUE">2.1(3.0.1)</idVersion></refSysID></RefSystem></refSysInfo><spatRepInfo><VectSpatRep><geometObjs Name="DKedits_parking_cost_fullrec_NAP"><geoObjTyp><GeoObjTypCd value="004" Sync="TRUE"></GeoObjTypCd></geoObjTyp><geoObjCnt Sync="TRUE">0</geoObjCnt></geometObjs><topLvl><TopoLevCd value="001" Sync="TRUE"></TopoLevCd></topLvl></VectSpatRep></spatRepInfo><spdoinfo><ptvctinf><esriterm Name="DKedits_parking_cost_fullrec_NAP"><efeatyp Sync="TRUE">Simple</efeatyp><efeageom code="1" Sync="TRUE"></efeageom><esritopo Sync="TRUE">FALSE</esritopo><efeacnt Sync="TRUE">0</efeacnt><spindex Sync="TRUE">FALSE</spindex><linrefer Sync="TRUE">FALSE</linrefer></esriterm></ptvctinf></spdoinfo><eainfo><detailed Name="DKedits_parking_cost_fullrec_NAP"><enttyp><enttypl Sync="TRUE">DKedits_parking_cost_fullrec_NAP</enttypl><enttypt Sync="TRUE">Feature Class</enttypt><enttypc Sync="TRUE">0</enttypc></enttyp><attr><attrlabl Sync="TRUE">FID</attrlabl><attalias Sync="TRUE">FID</attalias><attrtype Sync="TRUE">OID</attrtype><attwidth Sync="TRUE">4</attwidth><atprecis Sync="TRUE">0</atprecis><attscale Sync="TRUE">0</attscale><attrdef Sync="TRUE">Internal feature number.</attrdef><attrdefs Sync="TRUE">Esri</attrdefs><attrdomv><udom Sync="TRUE">Sequential unique whole numbers that are automatically generated.</udom></attrdomv></attr><attr><attrlabl Sync="TRUE">Shape</attrlabl><attalias Sync="TRUE">Shape</attalias><attrtype Sync="TRUE">Geometry</attrtype><attwidth Sync="TRUE">0</attwidth><atprecis Sync="TRUE">0</atprecis><attscale Sync="TRUE">0</attscale><attrdef Sync="TRUE">Feature geometry.</attrdef><attrdefs Sync="TRUE">Esri</attrdefs><attrdomv><udom Sync="TRUE">Coordinates defining the features.</udom></attrdomv></attr><attr><attrlabl Sync="TRUE">Loc_name</attrlabl><attalias Sync="TRUE">Loc_name</attalias><attrtype Sync="TRUE">String</attrtype><attwidth Sync="TRUE">14</attwidth><atprecis Sync="TRUE">0</atprecis><attscale Sync="TRUE">0</attscale></attr><attr><attrlabl Sync="TRUE">Status</attrlabl><attalias Sync="TRUE">Status</attalias><attrtype Sync="TRUE">String</attrtype><attwidth Sync="TRUE">1</attwidth><atprecis Sync="TRUE">0</atprecis><attscale Sync="TRUE">0</attscale></attr><attr><attrlabl Sync="TRUE">Score</attrlabl><attalias Sync="TRUE">Score</attalias><attrtype Sync="TRUE">Double</attrtype><attwidth Sync="TRUE">19</attwidth><atprecis Sync="TRUE">0</atprecis><attscale Sync="TRUE">0</attscale></attr><attr><attrlabl Sync="TRUE">Match_type</attrlabl><attalias Sync="TRUE">Match_type</attalias><attrtype Sync="TRUE">String</attrtype><attwidth Sync="TRUE">2</attwidth><atprecis Sync="TRUE">0</atprecis><attscale Sync="TRUE">0</attscale></attr><attr><attrlabl Sync="TRUE">Match_addr</attrlabl><attalias Sync="TRUE">Match_addr</attalias><attrtype Sync="TRUE">String</attrtype><attwidth Sync="TRUE">120</attwidth><atprecis Sync="TRUE">0</atprecis><attscale Sync="TRUE">0</attscale></attr><attr><attrlabl Sync="TRUE">User_fld</attrlabl><attalias Sync="TRUE">User_fld</attalias><attrtype Sync="TRUE">String</attrtype><attwidth Sync="TRUE">120</attwidth><atprecis Sync="TRUE">0</atprecis><attscale Sync="TRUE">0</attscale></attr><attr><attrlabl Sync="TRUE">Addr_type</attrlabl><attalias Sync="TRUE">Addr_type</attalias><attrtype Sync="TRUE">String</attrtype><attwidth Sync="TRUE">20</attwidth><atprecis Sync="TRUE">0</atprecis><attscale Sync="TRUE">0</attscale></attr><attr><attrlabl Sync="TRUE">IN_SingleL</attrlabl><attalias Sync="TRUE">IN_SingleL</attalias><attrtype Sync="TRUE">String</attrtype><attwidth Sync="TRUE">100</attwidth><atprecis Sync="TRUE">0</atprecis><attscale Sync="TRUE">0</attscale></attr><attr><attrlabl Sync="TRUE">USER_Field</attrlabl><attalias Sync="TRUE">USER_Field</attalias><attrtype Sync="TRUE">Integer</attrtype><attwidth Sync="TRUE">10</attwidth><atprecis Sync="TRUE">10</atprecis><attscale Sync="TRUE">0</attscale></attr><attr><attrlabl Sync="TRUE">USER_lot_n</attrlabl><attalias Sync="TRUE">USER_lot_n</attalias><attrtype Sync="TRUE">String</attrtype><attwidth Sync="TRUE">254</attwidth><atprecis Sync="TRUE">0</atprecis><attscale Sync="TRUE">0</attscale></attr><attr><attrlabl Sync="TRUE">USER_lot_a</attrlabl><attalias Sync="TRUE">USER_lot_a</attalias><attrtype Sync="TRUE">String</attrtype><attwidth Sync="TRUE">254</attwidth><atprecis Sync="TRUE">0</atprecis><attscale Sync="TRUE">0</attscale></attr><attr><attrlabl Sync="TRUE">USER_daily</attrlabl><attalias Sync="TRUE">USER_daily</attalias><attrtype Sync="TRUE">String</attrtype><attwidth Sync="TRUE">254</attwidth><atprecis Sync="TRUE">0</atprecis><attscale Sync="TRUE">0</attscale></attr><attr><attrlabl Sync="TRUE">USER_month</attrlabl><attalias Sync="TRUE">USER_month</attalias><attrtype Sync="TRUE">String</attrtype><attwidth Sync="TRUE">254</attwidth><atprecis Sync="TRUE">0</atprecis><attscale Sync="TRUE">0</attscale></attr><attr><attrlabl Sync="TRUE">d_rate_sim</attrlabl><attalias Sync="TRUE">d_rate_sim</attalias><attrtype Sync="TRUE">Double</attrtype><attwidth Sync="TRUE">19</attwidth><atprecis Sync="TRUE">0</atprecis><attscale Sync="TRUE">0</attscale></attr><attr><attrlabl Sync="TRUE">USER_lot_u</attrlabl><attalias Sync="TRUE">USER_lot_u</attalias><attrtype Sync="TRUE">String</attrtype><attwidth Sync="TRUE">254</attwidth><atprecis Sync="TRUE">0</atprecis><attscale Sync="TRUE">0</attscale></attr><attr><attrlabl Sync="TRUE">m_rate_sim</attrlabl><attalias Sync="TRUE">m_rate_sim</attalias><attrtype Sync="TRUE">Double</attrtype><attwidth Sync="TRUE">19</attwidth><atprecis Sync="TRUE">0</atprecis><attscale Sync="TRUE">0</attscale></attr><attr><attrlabl Sync="TRUE">USER_rate_</attrlabl><attalias Sync="TRUE">USER_rate_</attalias><attrtype Sync="TRUE">String</attrtype><attwidth Sync="TRUE">254</attwidth><atprecis Sync="TRUE">0</atprecis><attscale Sync="TRUE">0</attscale></attr><attr><attrlabl Sync="TRUE">Dupe</attrlabl><attalias Sync="TRUE">Dupe</attalias><attrtype Sync="TRUE">Integer</attrtype><attwidth Sync="TRUE">5</attwidth><atprecis Sync="TRUE">5</atprecis><attscale Sync="TRUE">0</attscale></attr></detailed></eainfo><mdDateSt Sync="TRUE">20220224</mdDateSt></metadata>
